patient_id,age,gender
P001,18,M
P002,73,M
P003,9,M
P004,33,M
P005,16,M
P006,64,M
P007,58,F
P008,61,F
P009,84,F
P010,49,F
P011,27,F
P012,13,M
P013,63,F
P014,4,M
P015,50,M
P016,56,F
P017,78,M
P018,1,F
P019,90,F
P020,58,M
P021,35,F
P022,30,F
P023,76,F
P024,14,F
P025,41,F
P026,4,M
P027,3,F
P028,4,F
P029,84,M
P030,70,M
P031,2,M
P032,49,M
P033,88,M
P034,28,F
P035,55,M
P036,4,M
P037,68,M
P038,29,M
P039,57,F
P040,64,M
P041,71,F
P042,30,M
P043,45,F
P044,30,M
P045,87,M
P046,29,F
P047,59,F
P048,38,M
P049,3,M
P050,54,M
P051,72,F
P052,83,M
P053,13,F
P054,24,F
P055,81,F
P056,38,F
P057,16,F
P058,43,F
P059,65,M
P060,55,M
P061,65,F
P062,86,F
P063,25,F
P064,39,F
P065,37,M
P066,76,F
P067,64,M
P068,65,F
P069,51,M
P070,76,F
P071,5,M
P072,62,M
P073,32,M
P074,52,F
P075,54,M
P076,86,M
P077,23,M
P078,47,F
P079,71,F
P080,90,M
P081,87,F
P082,48,M
P083,12,M
P084,57,F
P085,85,F
P086,66,F
P087,14,M
P088,21,F
P089,67,M
P090,51,M
P091,48,M
P092,63,F
P093,4,M
P094,61,M
P095,6,F
P096,40,F
P097,79,M
P098,76,F
P099,75,F
P100,51,M
